name,price,currency,currencySymbol,currencyCode,country,description
Award in Boom Lift Safe Operator Training,110,GBP,£,GBP,United Kingdom,Award in Boom Lift Safe Operator Training
Award in Crane Safe Operator Training,110,GBP,£,GBP,United Kingdom,Award in Crane Safe Operator Training
Award in Excavator Safe Operator Training,64,GBP,£,GBP,United Kingdom,Award in Excavator Safe Operator Training
Award in Forklift Safe Operator Training,110,GBP,£,GBP,United Kingdom,Award in Forklift Safe Operator Training
Award in Tower Crane Safe Operator Training,110,GBP,£,GBP,United Kingdom,Award in Tower Crane Safe Operator Training
Level 2 Award In Emergency First Aid at Work,64,GBP,£,GBP,United Kingdom,Level 2 Award In Emergency First Aid at Work
Level 3 Award in First Aid at Work,92,GBP,£,GBP,United Kingdom,Level 3 Award in First Aid at Work
Award in CPR & First Aid,64,GBP,£,GBP,United Kingdom,Award in CPR & First Aid
Level 1 Award in Fire Safety Awareness,46,GBP,£,GBP,United Kingdom,Level 1 Award in Fire Safety Awareness
Level 2 Award in Fire Safety Principles,64,GBP,£,GBP,United Kingdom,Level 2 Award in Fire Safety Principles
Level 3 Award in Fire Safety Risk Assessment & Control,92,GBP,£,GBP,United Kingdom,Level 3 Award in Fire Safety Risk Assessment & Control
Level 2 Award in Control of Substances Hazardous to Health,64,GBP,£,GBP,United Kingdom,Level 2 Award in Control of Substances Hazardous to Health
Level 2 Award in Manual Handling Principles and Practices,64,GBP,£,GBP,United Kingdom,Level 2 Award in Manual Handling Principles and Practices
Level 3 Diploma In Oil and Gas industry,183,GBP,£,GBP,United Kingdom,Level 3 Diploma In Oil and Gas industry
Level 3 Diploma in Process Safety Management (PSM),183,GBP,£,GBP,United Kingdom,Level 3 Diploma in Process Safety Management (PSM)
Level 2 Award in Basic workplace Construction & Process,110,GBP,£,GBP,United Kingdom,Level 2 Award in Basic workplace Construction & Process
Level 3 Award in Workplace Construction & Process Safety,229,GBP,£,GBP,United Kingdom,Level 3 Award in Workplace Construction & Process Safety
Level 3 Diploma In Construction Safety,183,GBP,£,GBP,United Kingdom,Level 3 Diploma In Construction Safety
Award in Control of Substances Hazardous to Health,64,GBP,£,GBP,United Kingdom,Award in Control of Substances Hazardous to Health
Hydrogen Sulfide (H2S) Train the Trainer,229,GBP,£,GBP,United Kingdom,Hydrogen Sulfide (H2S) Train the Trainer
Level 2 Award in Basic Petro chemical Safety,64,GBP,£,GBP,United Kingdom,Level 2 Award in Basic Petro chemical Safety
Level 3 Award in Petro Chemical Safety,128,GBP,£,GBP,United Kingdom,Level 3 Award in Petro Chemical Safety
Award in Safety and Security Management Training,64,GBP,£,GBP,United Kingdom,Award in Safety and Security Management Training
Award in Security Management Safety & Operation,92,GBP,£,GBP,United Kingdom,Award in Security Management Safety & Operation
Level 2 Award in Basic Security Management Safety & Operation,64,GBP,£,GBP,United Kingdom,Level 2 Award in Basic Security Management Safety & Operation
Level 3 Award in Security Management Safety & Operation,92,GBP,£,GBP,United Kingdom,Level 3 Award in Security Management Safety & Operation
Award in Confined Space Entry Specialist,128,GBP,£,GBP,United Kingdom,Award in Confined Space Entry Specialist
Level 2 Award in Confined Spaces Safety,64,GBP,£,GBP,United Kingdom,Level 2 Award in Confined Spaces Safety
Award in Electrical Safe Work Practices,229,GBP,£,GBP,United Kingdom,Award in Electrical Safe Work Practices
Award in Electrical Safety Awareness,183,GBP,£,GBP,United Kingdom,Award in Electrical Safety Awareness
Level 2 in Basic Electrical Safety,64,GBP,£,GBP,United Kingdom,Level 2 in Basic Electrical Safety
Level 3 Award in Advanced Electrical Safety and Protection,229,GBP,£,GBP,United Kingdom,Level 3 Award in Advanced Electrical Safety and Protection
Level 4 Award in Electrical Safety Management,183,GBP,£,GBP,United Kingdom,Level 4 Award in Electrical Safety Management
Level 3 Award in risk Assessment,110,GBP,£,GBP,United Kingdom,Level 3 Award in risk Assessment
Level 2 Award in Risk Assessment,64,GBP,£,GBP,United Kingdom,Level 2 Award in Risk Assessment
Award in Industrial Climbing & Rooftop Safety,138,GBP,£,GBP,United Kingdom,Award in Industrial Climbing & Rooftop Safety
Awards in Rescue and Evacuation form Height,138,GBP,£,GBP,United Kingdom,Awards in Rescue and Evacuation form Height
Level 2 Award in Work at Height Safety,64,GBP,£,GBP,United Kingdom,Level 2 Award in Work at Height Safety
Level 3 Award in Work at Height Safety Management,92,GBP,£,GBP,United Kingdom,Level 3 Award in Work at Height Safety Management
Award in Scaffolding Safety Awareness,64,GBP,£,GBP,United Kingdom,Award in Scaffolding Safety Awareness
Award in Scaffolding Supervisor,128,GBP,£,GBP,United Kingdom,Award in Scaffolding Supervisor
Award in Safe Scaffolding Erection Dismantling & Modification,92,GBP,£,GBP,United Kingdom,Award in Safe Scaffolding Erection Dismantling & Modification
Award in Scaffolding Erector,64,GBP,£,GBP,United Kingdom,Award in Scaffolding Erector
Award in Scaffolding for Manager,128,GBP,£,GBP,United Kingdom,Award in Scaffolding for Manager
Level 2 Award in Basic Scaffolding Safety,64,GBP,£,GBP,United Kingdom,Level 2 Award in Basic Scaffolding Safety
Level 3 in Scaffolding Safety,92,GBP,£,GBP,United Kingdom,Level 3 in Scaffolding Safety
Level 3 Diploma in Environmental Management,275,GBP,£,GBP,United Kingdom,Level 3 Diploma in Environmental Management
Award in Accident Investigation Specialist,138,GBP,£,GBP,United Kingdom,Award in Accident Investigation Specialist
Level 2 Award in Incident Investigation,64,GBP,£,GBP,United Kingdom,Level 2 Award in Incident Investigation
Level 3 Award in Incident Investigations for Accidents & Near Misses,92,GBP,£,GBP,United Kingdom,Level 3 Award in Incident Investigations for Accidents & Near Misses
Level 4 Award in Incident Investigation & Reporting,138,GBP,£,GBP,United Kingdom,Level 4 Award in Incident Investigation & Reporting
Train the Trainer in Security Management Safety & Operation,229,GBP,£,GBP,United Kingdom,Train the Trainer in Security Management Safety & Operation
Award in Work at Height Train The Trainer,229,GBP,£,GBP,United Kingdom,Award in Work at Height Train The Trainer
Award in Train the Trainer in Scaffolding,229,GBP,£,GBP,United Kingdom,Award in Train the Trainer in Scaffolding
Certified Master Trainer,229,GBP,£,GBP,United Kingdom,Certified Master Trainer
Level 3 Award in Health and Safety,110,GBP,£,GBP,United Kingdom,Level 3 Award in Health and Safety
Level 2 Award in Emergency First Aid at Work,64,GBP,£,GBP,United Kingdom,Level 2 Award in Emergency First Aid at Work
Person In Charge of Work,92,GBP,£,GBP,United Kingdom,Person In Charge of Work
Occupational Health Protection and Infection Prevention,92,GBP,£,GBP,United Kingdom,Occupational Health Protection and Infection Prevention
HSE Supervisions,92,GBP,£,GBP,United Kingdom,HSE Supervisions
Train the Trainer in COSHH,229,GBP,£,GBP,United Kingdom,Train the Trainer in COSHH
Job Safety Analysis,64,GBP,£,GBP,United Kingdom,Job Safety Analysis
Train The Trainer First Aid,229,GBP,£,GBP,United Kingdom,Train The Trainer First Aid
Level 1 Ergonomics,46,GBP,£,GBP,United Kingdom,Level 1 Ergonomics
Rigging and Lifting Supervisor,138,GBP,£,GBP,United Kingdom,Rigging and Lifting Supervisor
Off Road Defensive Driving,73,GBP,£,GBP,United Kingdom,Off Road Defensive Driving
Dropped Object Awareness,64,GBP,£,GBP,United Kingdom,Dropped Object Awareness
Prevention Suspended Access,64,GBP,£,GBP,United Kingdom,Prevention Suspended Access
Equipment Inspector,110,GBP,£,GBP,United Kingdom,Equipment Inspector
Level 2 Award in Fire Marshall,92,GBP,£,GBP,United Kingdom,Level 2 Award in Fire Marshall
Confined Space Entry and Rescue Training,73,GBP,£,GBP,United Kingdom,Confined Space Entry and Rescue Training
Level 2 Award in Emergency Response,64,GBP,£,GBP,United Kingdom,Level 2 Award in Emergency Response
Confined Space Supervision,92,GBP,£,GBP,United Kingdom,Confined Space Supervision
Authorized Gas Tester,73,GBP,£,GBP,United Kingdom,Authorized Gas Tester
International Managing Safely,110,GBP,£,GBP,United Kingdom,International Managing Safely
Incident Investigation and Root Cause Analysis,64,GBP,£,GBP,United Kingdom,Incident Investigation and Root Cause Analysis
Scaffold Awareness,64,GBP,£,GBP,United Kingdom,Scaffold Awareness
Scaffold Towering and Code Practices,64,GBP,£,GBP,United Kingdom,Scaffold Towering and Code Practices
Office Safety and Ergonomics,64,GBP,£,GBP,United Kingdom,Office Safety and Ergonomics
Level 2 Award in Fire Safety Management,64,GBP,£,GBP,United Kingdom,Level 2 Award in Fire Safety Management
Level 1 Award in First Aid at Work,46,GBP,£,GBP,United Kingdom,Level 1 Award in First Aid at Work
Level 1 Award in Health and Safety at Work Place,46,GBP,£,GBP,United Kingdom,Level 1 Award in Health and Safety at Work Place
COVID-19 Safety Awareness and Precautionary Measures,64,GBP,£,GBP,United Kingdom,COVID-19 Safety Awareness and Precautionary Measures
Level 2 Award in Health and Safety,64,GBP,£,GBP,United Kingdom,Level 2 Award in Health and Safety
Level 3 Award in Paediatric First Aid,92,GBP,£,GBP,United Kingdom,Level 3 Award in Paediatric First Aid
Level 2 Award in Environmental Principles and Best Practices,92,GBP,£,GBP,United Kingdom,Level 2 Award in Environmental Principles and Best Practices
Level 3 Award in Environmental Management,275,GBP,£,GBP,United Kingdom,Level 3 Award in Environmental Management
Level 2 Award in Health and Safety at Work Place,64,GBP,£,GBP,United Kingdom,Level 2 Award in Health and Safety at Work Place
Level 3 Award in Health & Safety at Work Place,110,GBP,£,GBP,United Kingdom,Level 3 Award in Health & Safety at Work Place
Level 4 Award in Health and Safety at Work Place,183,GBP,£,GBP,United Kingdom,Level 4 Award in Health and Safety at Work Place
Level 2 Award in COSHH,64,GBP,£,GBP,United Kingdom,Level 2 Award in COSHH
Level 2 Award in First Aid at Work,64,GBP,£,GBP,United Kingdom,Level 2 Award in First Aid at Work
Level 3 Award in Fire Safety Risk Assessment and Control,92,GBP,£,GBP,United Kingdom,Level 3 Award in Fire Safety Risk Assessment and Control
Level 2 Award in Food Safety Catering,64,GBP,£,GBP,United Kingdom,Level 2 Award in Food Safety Catering
Level 2 Award in Food Safety Manufacturing,64,GBP,£,GBP,United Kingdom,Level 2 Award in Food Safety Manufacturing
Level 2 Award in Food Safety Retail,64,GBP,£,GBP,United Kingdom,Level 2 Award in Food Safety Retail
Level 2 Award in Principles of HACCP,92,GBP,£,GBP,United Kingdom,Level 2 Award in Principles of HACCP
Level 2 Award in HACCP Based Food Safety System in Manufacturing,64,GBP,£,GBP,United Kingdom,Level 2 Award in HACCP Based Food Safety System in Manufacturing
Level 3 Award in Food Safety Supervision for Manufacturing,110,GBP,£,GBP,United Kingdom,Level 3 Award in Food Safety Supervision for Manufacturing
Level 3 Award in Food Safety Supervision for Retail,110,GBP,£,GBP,United Kingdom,Level 3 Award in Food Safety Supervision for Retail
Level 3 Award in Food Safety Supervision for Catering,110,GBP,£,GBP,United Kingdom,Level 3 Award in Food Safety Supervision for Catering
Level 4 Award in Managing Food Safety in Catering,138,GBP,£,GBP,United Kingdom,Level 4 Award in Managing Food Safety in Catering
Level 4 Award in Food Safety Management for Manufacturing,138,GBP,£,GBP,United Kingdom,Level 4 Award in Food Safety Management for Manufacturing
Level 3 Award in HACCP,110,GBP,£,GBP,United Kingdom,Level 3 Award in HACCP
Level 2 Award in Food Safety,64,GBP,£,GBP,United Kingdom,Level 2 Award in Food Safety
Flagman Safety Training,64,GBP,£,GBP,United Kingdom,Flagman Safety Training
Safe Work Permit System,64,GBP,£,GBP,United Kingdom,Safe Work Permit System
Level 2 Award in First Aid & AED,64,GBP,£,GBP,United Kingdom,Level 2 Award in First Aid & AED
Award in workplace Health & Safety for supervision,64,GBP,£,GBP,United Kingdom,Award in workplace Health & Safety for supervision
"Award in HSE Manager (Health, Safety & Environment)",110,GBP,£,GBP,United Kingdom,"Award in HSE Manager (Health, Safety & Environment)"
"Award in HSE Inspector (Health, Safety & Environment)",110,GBP,£,GBP,United Kingdom,"Award in HSE Inspector (Health, Safety & Environment)"
Award in Health & Safety for Workers,64,GBP,£,GBP,United Kingdom,Award in Health & Safety for Workers
Level 2 Award in Basic Fire Safety,64,GBP,£,GBP,United Kingdom,Level 2 Award in Basic Fire Safety
Level 3 Award in Fire Safety Management,92,GBP,£,GBP,United Kingdom,Level 3 Award in Fire Safety Management
Level 2 Award in Fire & Industrial Safety,64,GBP,£,GBP,United Kingdom,Level 2 Award in Fire & Industrial Safety
Level 3 Award in Fire & Industrial Safety,92,GBP,£,GBP,United Kingdom,Level 3 Award in Fire & Industrial Safety
Award in Fire Safety for Managers,138,GBP,£,GBP,United Kingdom,Award in Fire Safety for Managers
Award in Fire Safety & Hazard Management,138,GBP,£,GBP,United Kingdom,Award in Fire Safety & Hazard Management
Award in Firefighting & Fire Extinguisher Safety,83,GBP,£,GBP,United Kingdom,Award in Firefighting & Fire Extinguisher Safety
Train The Trainer in Fire Safety,229,GBP,£,GBP,United Kingdom,Train The Trainer in Fire Safety
Level 4 Award in Environmental Management & Legal Compliance,183,GBP,£,GBP,United Kingdom,Level 4 Award in Environmental Management & Legal Compliance
Award in Environmental and Social Action Plan (ESAP) for Managers,138,GBP,£,GBP,United Kingdom,Award in Environmental and Social Action Plan (ESAP) for Managers
"Award in EHS Guidelines Environment, Health & Safety",110,GBP,£,GBP,United Kingdom,"Award in EHS Guidelines Environment, Health & Safety"
Award in Environmental Management System Audit Techniques,138,GBP,£,GBP,United Kingdom,Award in Environmental Management System Audit Techniques
Award in Environmental Quality Monitoring & Analysis,110,GBP,£,GBP,United Kingdom,Award in Environmental Quality Monitoring & Analysis
Level 2 Award in Environmental Sustainability,92,GBP,£,GBP,United Kingdom,Level 2 Award in Environmental Sustainability
Level 3 Award in Environmental Sustainability,275,GBP,£,GBP,United Kingdom,Level 3 Award in Environmental Sustainability
Award in Sustainability in Building Structure,110,GBP,£,GBP,United Kingdom,Award in Sustainability in Building Structure
Award in Environmental Sustainability Skills for Managers,138,GBP,£,GBP,United Kingdom,Award in Environmental Sustainability Skills for Managers
Award in Environmental Sustainability Skills for Workforce,92,GBP,£,GBP,United Kingdom,Award in Environmental Sustainability Skills for Workforce
Award in Sustainability in Waste Water Management,92,GBP,£,GBP,United Kingdom,Award in Sustainability in Waste Water Management
Award in Environmental Sustainable Monitoring at Workplace,92,GBP,£,GBP,United Kingdom,Award in Environmental Sustainable Monitoring at Workplace
Award in Life Safety & Environmental Protection,110,GBP,£,GBP,United Kingdom,Award in Life Safety & Environmental Protection
Level 2 Award in Lifting & Rigging Safety,64,GBP,£,GBP,United Kingdom,Level 2 Award in Lifting & Rigging Safety
Level 3 Award in Lifting & Rigging Safety,92,GBP,£,GBP,United Kingdom,Level 3 Award in Lifting & Rigging Safety
Level 2 Award in Basic Rigger and Signalman,64,GBP,£,GBP,United Kingdom,Level 2 Award in Basic Rigger and Signalman
Level 3 Award in Principles of Rigger and Signalman,92,GBP,£,GBP,United Kingdom,Level 3 Award in Principles of Rigger and Signalman
Level 4 Award in Advanced Rigger and Signalman,183,GBP,£,GBP,United Kingdom,Level 4 Award in Advanced Rigger and Signalman
Award in Lifting Supervisor,92,GBP,£,GBP,United Kingdom,Award in Lifting Supervisor
Award in Lifting & Rigging Supervisor,92,GBP,£,GBP,United Kingdom,Award in Lifting & Rigging Supervisor
Train The Trainer in Lifting & Rigging,229,GBP,£,GBP,United Kingdom,Train The Trainer in Lifting & Rigging
Award in Equipment Safety Inspection,138,GBP,£,GBP,United Kingdom,Award in Equipment Safety Inspection
Award in Flagman Safety Training,64,GBP,£,GBP,United Kingdom,Award in Flagman Safety Training
Award in Construction Project Management,110,GBP,£,GBP,United Kingdom,Award in Construction Project Management
Defensive Driving Train the Trainer,229,GBP,£,GBP,United Kingdom,Defensive Driving Train the Trainer
Level 2 Award in Basic Road & Transport Safety,64,GBP,£,GBP,United Kingdom,Level 2 Award in Basic Road & Transport Safety
Level 3 Award in Road & Transport Safety,92,GBP,£,GBP,United Kingdom,Level 3 Award in Road & Transport Safety
Award in Workplace Transport Safety,64,GBP,£,GBP,United Kingdom,Award in Workplace Transport Safety
Award in Road Safety Leadership and Management,92,GBP,£,GBP,United Kingdom,Award in Road Safety Leadership and Management
Award in Electrical Safety for Workers,64,GBP,£,GBP,United Kingdom,Award in Electrical Safety for Workers
Award in Electrical Safety for Supervisors & Technicians,92,GBP,£,GBP,United Kingdom,Award in Electrical Safety for Supervisors & Technicians
Award in Electrical Safety for Managers,138,GBP,£,GBP,United Kingdom,Award in Electrical Safety for Managers
Award in Advanced Electrical Safety for Engineers,110,GBP,£,GBP,United Kingdom,Award in Advanced Electrical Safety for Engineers
Level 3 Award in Food Safety Management,92,GBP,£,GBP,United Kingdom,Level 3 Award in Food Safety Management
Level 4 Award in Food Hygiene and Safety Management,183,GBP,£,GBP,United Kingdom,Level 4 Award in Food Hygiene and Safety Management
Level 2 Award in Food Safety Catering,64,GBP,£,GBP,United Kingdom,Level 2 Award in Food Safety Catering
Level 2 Award in Food Safety Manufacturing,64,GBP,£,GBP,United Kingdom,Level 2 Award in Food Safety Manufacturing
Level 2 Award in Food Safety Retail,64,GBP,£,GBP,United Kingdom,Level 2 Award in Food Safety Retail
Level 4 Award in Food Process Safety Management,183,GBP,£,GBP,United Kingdom,Level 4 Award in Food Process Safety Management
Level 3 Award in Food Safety Supervision,92,GBP,£,GBP,United Kingdom,Level 3 Award in Food Safety Supervision
Award in Food Safety Hazards,110,GBP,£,GBP,United Kingdom,Award in Food Safety Hazards
Award in Food Quality Control (FQC),138,GBP,£,GBP,United Kingdom,Award in Food Quality Control (FQC)
Award in Food Safety for Management Professionals,183,GBP,£,GBP,United Kingdom,Award in Food Safety for Management Professionals
Award in Food Safety and Sanitation for Food Manufacturers,183,GBP,£,GBP,United Kingdom,Award in Food Safety and Sanitation for Food Manufacturers
Level 2 Award in Accident Investigation,64,GBP,£,GBP,United Kingdom,Level 2 Award in Accident Investigation
Level 3 Award in Accident Investigation & Prevention,64,GBP,£,GBP,United Kingdom,Level 3 Award in Accident Investigation & Prevention
Level 4 Award in Accident Investigation & Reporting,138,GBP,£,GBP,United Kingdom,Level 4 Award in Accident Investigation & Reporting
Award in Accident Investigation & Root Cause Analysis,138,GBP,£,GBP,United Kingdom,Award in Accident Investigation & Root Cause Analysis
Award in Accident Investigation Specialist (AIS),92,GBP,£,GBP,United Kingdom,Award in Accident Investigation Specialist (AIS)
Accident Investigation Train the Trainer,229,GBP,£,GBP,United Kingdom,Accident Investigation Train the Trainer
Award in Incident Investigation & Root Cause Analysis,138,GBP,£,GBP,United Kingdom,Award in Incident Investigation & Root Cause Analysis
Award in Incident Investigation Specialist (IIS),138,GBP,£,GBP,United Kingdom,Award in Incident Investigation Specialist (IIS)
Incident Investigation Train the Trainer,229,GBP,£,GBP,United Kingdom,Incident Investigation Train the Trainer
Award in Certified Safety Manager (CSM),642,GBP,£,GBP,United Kingdom,Award in Certified Safety Manager (CSM)
Award in Certified Safety Officer (CSO),458,GBP,£,GBP,United Kingdom,Award in Certified Safety Officer (CSO)
Award in Certified Safety Engineer (CSE),550,GBP,£,GBP,United Kingdom,Award in Certified Safety Engineer (CSE)
Award in Certified Safety Supervisor (CSS),550,GBP,£,GBP,United Kingdom,Award in Certified Safety Supervisor (CSS)
Award in Certified Safety Trainer (CST),458,GBP,£,GBP,United Kingdom,Award in Certified Safety Trainer (CST)
Award in Certified Environmental Manager (CEM),642,GBP,£,GBP,United Kingdom,Award in Certified Environmental Manager (CEM)
Award in Certified Rig Safety Officer (RSO),642,GBP,£,GBP,United Kingdom,Award in Certified Rig Safety Officer (RSO)
Award in Certified Rig Safety Supervisor (RSS),642,GBP,£,GBP,United Kingdom,Award in Certified Rig Safety Supervisor (RSS)
Award in Certified Rig Safety Engineer (RSE),642,GBP,£,GBP,United Kingdom,Award in Certified Rig Safety Engineer (RSE)
Advance Diploma in Environmental and Sustainability,458,GBP,£,GBP,United Kingdom,Advance Diploma in Environmental and Sustainability
Air Hoist Operator Train the Trainer,229,GBP,£,GBP,United Kingdom,Air Hoist Operator Train the Trainer
Asbestos Awareness Train the Trainer,229,GBP,£,GBP,United Kingdom,Asbestos Awareness Train the Trainer
Authorized Gas Testing Train the Trainer,229,GBP,£,GBP,United Kingdom,Authorized Gas Testing Train the Trainer
Basic Fire Fighting Train the Trainer,229,GBP,£,GBP,United Kingdom,Basic Fire Fighting Train the Trainer
Rigger I,642,GBP,£,GBP,United Kingdom,Rigger I
Basic First Aid & CPR Train the Trainer,229,GBP,£,GBP,United Kingdom,Basic First Aid & CPR Train the Trainer
Confined Space Entry Inspection Train the Trainer,229,GBP,£,GBP,United Kingdom,Confined Space Entry Inspection Train the Trainer
Defensive Driving,73,GBP,£,GBP,United Kingdom,Defensive Driving
Emergency Response Leader Train the Trainer,229,GBP,£,GBP,United Kingdom,Emergency Response Leader Train the Trainer
Emergency Response Train the Trainer,229,GBP,£,GBP,United Kingdom,Emergency Response Train the Trainer
Fall Protection Train the Trainer,229,GBP,£,GBP,United Kingdom,Fall Protection Train the Trainer
Fire Warden Train the Trainer,229,GBP,£,GBP,United Kingdom,Fire Warden Train the Trainer
Fire Fighting Team Leader Train the Trainer,229,GBP,£,GBP,United Kingdom,Fire Fighting Team Leader Train the Trainer
Forklift Safety Train the Trainer,229,GBP,£,GBP,United Kingdom,Forklift Safety Train the Trainer
H2S & SCBA Train the Trainer,229,GBP,£,GBP,United Kingdom,H2S & SCBA Train the Trainer
Hazard Recognition Train the Trainer,229,GBP,£,GBP,United Kingdom,Hazard Recognition Train the Trainer
HAZCOM Train the Trainer,229,GBP,£,GBP,United Kingdom,HAZCOM Train the Trainer
Lockout / Tagout Train the Trainer,229,GBP,£,GBP,United Kingdom,Lockout / Tagout Train the Trainer
Manual Handling Train the Trainer,229,GBP,£,GBP,United Kingdom,Manual Handling Train the Trainer
Permit To Work Train the Trainer,229,GBP,£,GBP,United Kingdom,Permit To Work Train the Trainer
Respiratory Protection Train the Trainer,229,GBP,£,GBP,United Kingdom,Respiratory Protection Train the Trainer
Rigging & Lifting Train the Trainer,229,GBP,£,GBP,United Kingdom,Rigging & Lifting Train the Trainer
Safety Officer Train the Trainer,229,GBP,£,GBP,United Kingdom,Safety Officer Train the Trainer
Scaffolding Safety Train the Trainer,229,GBP,£,GBP,United Kingdom,Scaffolding Safety Train the Trainer
Spill Prevention Train the Trainer,229,GBP,£,GBP,United Kingdom,Spill Prevention Train the Trainer
Rigger II,550,GBP,£,GBP,United Kingdom,Rigger II
Rigger III,458,GBP,£,GBP,United Kingdom,Rigger III
Hydrogen Sulphide (H2S) Awareness,73,GBP,£,GBP,United Kingdom,Hydrogen Sulphide (H2S) Awareness
Stacker Operator Training,110,GBP,£,GBP,United Kingdom,Stacker Operator Training
Rigging and lifting Supervisor,138,GBP,£,GBP,United Kingdom,Rigging and lifting Supervisor
SAFQUAL Certified Lifting Inspector,458,GBP,£,GBP,United Kingdom,SAFQUAL Certified Lifting Inspector
LOTO Supervisor,119,GBP,£,GBP,United Kingdom,LOTO Supervisor
Level 3 Award in Emergency Rescue from Confined Space,92,GBP,£,GBP,United Kingdom,Level 3 Award in Emergency Rescue from Confined Space
Level 2 award in workplace construction,64,GBP,£,GBP,United Kingdom,Level 2 award in workplace construction
Award in Equipment Safety Supervisor,92,GBP,£,GBP,United Kingdom,Award in Equipment Safety Supervisor
Accident Investigation & Root Cause Analysis,64,GBP,£,GBP,United Kingdom,Accident Investigation & Root Cause Analysis
Level 2 in Incident Investigation,64,GBP,£,GBP,United Kingdom,Level 2 in Incident Investigation
Safqual Advanced Root Cause Analysis Team Leader Training,183,GBP,£,GBP,United Kingdom,Safqual Advanced Root Cause Analysis Team Leader Training
Level 3 Diploma in Civil Quality Control and Quality Assurance (QA/QC),275,GBP,£,GBP,United Kingdom,Level 3 Diploma in Civil Quality Control and Quality Assurance (QA/QC)
Level 3 Diploma in QA/QC Mechanical,275,GBP,£,GBP,United Kingdom,Level 3 Diploma in QA/QC Mechanical
Level 3 Diploma in QA/QC Electrical,275,GBP,£,GBP,United Kingdom,Level 3 Diploma in QA/QC Electrical
Level 3 Diploma in QA/QC Civil,275,GBP,£,GBP,United Kingdom,Level 3 Diploma in QA/QC Civil
Work Permit Receiver,110,GBP,£,GBP,United Kingdom,Work Permit Receiver
Basic life support (BLS),92,GBP,£,GBP,United Kingdom,Basic life support (BLS)
Fire Watcher,92,GBP,£,GBP,United Kingdom,Fire Watcher
Standby man/ Hole Watcher,92,GBP,£,GBP,United Kingdom,Standby man/ Hole Watcher
Level 2 Award in Fire Marshall/ Warden,92,GBP,£,GBP,United Kingdom,Level 2 Award in Fire Marshall/ Warden
Hazard Recognition,73,GBP,£,GBP,United Kingdom,Hazard Recognition
Rigging & Lifting Safe Operation,64,GBP,£,GBP,United Kingdom,Rigging & Lifting Safe Operation
Forklift Safety,64,GBP,£,GBP,United Kingdom,Forklift Safety
Crane Safety,64,GBP,£,GBP,United Kingdom,Crane Safety
Safe Loading & Unloading,64,GBP,£,GBP,United Kingdom,Safe Loading & Unloading
Overhead Crane Safety,64,GBP,£,GBP,United Kingdom,Overhead Crane Safety
Spill Prevention,64,GBP,£,GBP,United Kingdom,Spill Prevention
H2S & SCBA Awareness,73,GBP,£,GBP,United Kingdom,H2S & SCBA Awareness
Fire Prevention & Control,73,GBP,£,GBP,United Kingdom,Fire Prevention & Control
Chemical Hazard Recognition,73,GBP,£,GBP,United Kingdom,Chemical Hazard Recognition
Emergency Response Plan,73,GBP,£,GBP,United Kingdom,Emergency Response Plan
High Pressure Equipment,73,GBP,£,GBP,United Kingdom,High Pressure Equipment
Journey Management Off Road Driving,64,GBP,£,GBP,United Kingdom,Journey Management Off Road Driving
Incident reporting & Investigation,64,GBP,£,GBP,United Kingdom,Incident reporting & Investigation
Excavation & Trenching,64,GBP,£,GBP,United Kingdom,Excavation & Trenching
Saudi Aramco Safety Manual,64,GBP,£,GBP,United Kingdom,Saudi Aramco Safety Manual
The job specific CSSP & HIP,64,GBP,£,GBP,United Kingdom,The job specific CSSP & HIP
Relevant Sections of the SA Safety handbook & SA Construction safety Manual,64,GBP,£,GBP,United Kingdom,Relevant Sections of the SA Safety handbook & SA Construction safety Manual
Applicable Emergency Response Procedures,73,GBP,£,GBP,United Kingdom,Applicable Emergency Response Procedures
Flowline Restraint System (FSR),73,GBP,£,GBP,United Kingdom,Flowline Restraint System (FSR)
Qualified First Aider (CPR & AED),92,GBP,£,GBP,United Kingdom,Qualified First Aider (CPR & AED)
QC/QA Electrical Inspector,275,GBP,£,GBP,United Kingdom,QC/QA Electrical Inspector
QC/QA Mechanical Inspector,275,GBP,£,GBP,United Kingdom,QC/QA Mechanical Inspector
QC/QA Civil Inspector,275,GBP,£,GBP,United Kingdom,QC/QA Civil Inspector
International Working Safely,110,GBP,£,GBP,United Kingdom,International Working Safely
Safety Harness Train The Trainer,229,GBP,£,GBP,United Kingdom,Safety Harness Train The Trainer
Radiation Protection Safety Awareness,73,GBP,£,GBP,United Kingdom,Radiation Protection Safety Awareness
International Diploma In Environmental And Sustainability,413,GBP,£,GBP,United Kingdom,International Diploma In Environmental And Sustainability
Permit to Work,73,GBP,£,GBP,United Kingdom,Permit to Work
Lockout & Tagout,73,GBP,£,GBP,United Kingdom,Lockout & Tagout
Confined Space Entry,73,GBP,£,GBP,United Kingdom,Confined Space Entry
Behavior Base Safety,73,GBP,£,GBP,United Kingdom,Behavior Base Safety
Emergency Response to a Powerline Incident,73,GBP,£,GBP,United Kingdom,Emergency Response to a Powerline Incident
Internal Permit To Work Issuer,92,GBP,£,GBP,United Kingdom,Internal Permit To Work Issuer
Scaffolding Inspector,128,GBP,£,GBP,United Kingdom,Scaffolding Inspector
Incident Commander,73,GBP,£,GBP,United Kingdom,Incident Commander
Scaffolding Supervisor,128,GBP,£,GBP,United Kingdom,Scaffolding Supervisor
Stop Work Authority,73,GBP,£,GBP,United Kingdom,Stop Work Authority
Chemical Hazard Awareness,73,GBP,£,GBP,United Kingdom,Chemical Hazard Awareness
Work At Heights,73,GBP,£,GBP,United Kingdom,Work At Heights
Fall Protection,73,GBP,£,GBP,United Kingdom,Fall Protection
Confined Space Entry Supervisor,92,GBP,£,GBP,United Kingdom,Confined Space Entry Supervisor
Electrical Hazard Recognition,73,GBP,£,GBP,United Kingdom,Electrical Hazard Recognition
Fire Fighting,73,GBP,£,GBP,United Kingdom,Fire Fighting
Arc Flash Coordinator,128,GBP,£,GBP,United Kingdom,Arc Flash Coordinator
Arc Flash,92,GBP,£,GBP,United Kingdom,Arc Flash
QA/QC Inspector in Civil,275,GBP,£,GBP,United Kingdom,QA/QC Inspector in Civil
QA/QC Inspector in Mechanical,275,GBP,£,GBP,United Kingdom,QA/QC Inspector in Mechanical
QA/QC Inspector in Electrical,275,GBP,£,GBP,United Kingdom,QA/QC Inspector in Electrical
Train the trainer,229,GBP,£,GBP,United Kingdom,Train the trainer
Level 3 Award in Food Safety,110,GBP,£,GBP,United Kingdom,Level 3 Award in Food Safety
Standby Man,73,GBP,£,GBP,United Kingdom,Standby Man
Level 2 Award in Food Safety Management,73,GBP,£,GBP,United Kingdom,Level 2 Award in Food Safety Management
Standby Man,73,GBP,£,GBP,United Kingdom,Standby Man
Hole Watcher,92,GBP,£,GBP,United Kingdom,Hole Watcher
Register Safety Manager,229,GBP,£,GBP,United Kingdom,Register Safety Manager
Food Safety Inspector,183,GBP,£,GBP,United Kingdom,Food Safety Inspector
Fire safety Inspector,183,GBP,£,GBP,United Kingdom,Fire safety Inspector
Emergency Rescue Team,92,GBP,£,GBP,United Kingdom,Emergency Rescue Team
Risk Assessment,73,GBP,£,GBP,United Kingdom,Risk Assessment
Work at Heights Train The Trainer,229,GBP,£,GBP,United Kingdom,Work at Heights Train The Trainer
Machine Safeguarding Principles,92,GBP,£,GBP,United Kingdom,Machine Safeguarding Principles
Hazard Communication,92,GBP,£,GBP,United Kingdom,Hazard Communication
Environmental Specialist,275,GBP,£,GBP,United Kingdom,Environmental Specialist
Emergency Rescue Training,92,GBP,£,GBP,United Kingdom,Emergency Rescue Training
SCBA Donning,92,GBP,£,GBP,United Kingdom,SCBA Donning
Working at Height And Rescue Training,92,GBP,£,GBP,United Kingdom,Working at Height And Rescue Training
HSE Train The Trainer,229,GBP,£,GBP,United Kingdom,HSE Train The Trainer
Chemical Hazard Awareness Train The Trainer,229,GBP,£,GBP,United Kingdom,Chemical Hazard Awareness Train The Trainer
Safe Confined Space Supervisor,92,GBP,£,GBP,United Kingdom,Safe Confined Space Supervisor
Hazardous Area Classification & Safety,73,GBP,£,GBP,United Kingdom,Hazardous Area Classification & Safety
Fire Warden,92,GBP,£,GBP,United Kingdom,Fire Warden
Certified Quality Inspector,183,GBP,£,GBP,United Kingdom,Certified Quality Inspector
Certified Safety Professional,229,GBP,£,GBP,United Kingdom,Certified Safety Professional
Hazard Assessment,73,GBP,£,GBP,United Kingdom,Hazard Assessment
Hazcom Program,73,GBP,£,GBP,United Kingdom,Hazcom Program
HSE Awareness,73,GBP,£,GBP,United Kingdom,HSE Awareness
Confined Space Entry Foreman,128,GBP,£,GBP,United Kingdom,Confined Space Entry Foreman
Environmental Sustainability Skills for Managers,229,GBP,£,GBP,United Kingdom,Environmental Sustainability Skills for Managers
Incident Investigator,92,GBP,£,GBP,United Kingdom,Incident Investigator
Emergency Coordinator,110,GBP,£,GBP,United Kingdom,Emergency Coordinator
Emergency Rescuer,92,GBP,£,GBP,United Kingdom,Emergency Rescuer
Level 3 diploma in green building & sustainability management,367,GBP,£,GBP,United Kingdom,Level 3 diploma in green building & sustainability management
Certified Quality Manager,458,GBP,£,GBP,United Kingdom,Certified Quality Manager
Certified Safety Manager,458,GBP,£,GBP,United Kingdom,Certified Safety Manager
Certified procurement professional,642,GBP,£,GBP,United Kingdom,Certified procurement professional
Certified Facilities Management Professional,550,GBP,£,GBP,United Kingdom,Certified Facilities Management Professional
Electrical Safety,92,GBP,£,GBP,United Kingdom,Electrical Safety
Certified Risk Manager,458,GBP,£,GBP,United Kingdom,Certified Risk Manager
Certified Security Manager,458,GBP,£,GBP,United Kingdom,Certified Security Manager
Certified Security Management Professional,458,GBP,£,GBP,United Kingdom,Certified Security Management Professional
Safe Work Procedure,73,GBP,£,GBP,United Kingdom,Safe Work Procedure
Emergency Evacuation,73,GBP,£,GBP,United Kingdom,Emergency Evacuation
Chemical Handling and Storing,73,GBP,£,GBP,United Kingdom,Chemical Handling and Storing
Accident Investigator,92,GBP,£,GBP,United Kingdom,Accident Investigator
Internal Work Permit Issuer,92,GBP,£,GBP,United Kingdom,Internal Work Permit Issuer
Certified Vessel Inspector,458,GBP,£,GBP,United Kingdom,Certified Vessel Inspector
Certified lifting Equipment Inspector,458,GBP,£,GBP,United Kingdom,Certified lifting Equipment Inspector
Critical Task Analysis,92,GBP,£,GBP,United Kingdom,Critical Task Analysis
Level 3 Diploma in Industrial Safety,229,GBP,£,GBP,United Kingdom,Level 3 Diploma in Industrial Safety
Confined Space Entry Stand By Man,92,GBP,£,GBP,United Kingdom,Confined Space Entry Stand By Man
Manual handling Training,73,GBP,£,GBP,United Kingdom,Manual handling Training
Banksman & Slinger,92,GBP,£,GBP,United Kingdom,Banksman & Slinger
Scaffolding Inspection,92,GBP,£,GBP,United Kingdom,Scaffolding Inspection
SCBA Man,92,GBP,£,GBP,United Kingdom,SCBA Man
Lifting Supervisor,138,GBP,£,GBP,United Kingdom,Lifting Supervisor
Confined Space Rescue-Level 3,110,GBP,£,GBP,United Kingdom,Confined Space Rescue-Level 3
Working at Heights Rescue- Level 3,110,GBP,£,GBP,United Kingdom,Working at Heights Rescue- Level 3
Occupational Safety and Health Supervisor,128,GBP,£,GBP,United Kingdom,Occupational Safety and Health Supervisor
HSE Supervisor,92,GBP,£,GBP,United Kingdom,HSE Supervisor
Lift Plan Training,92,GBP,£,GBP,United Kingdom,Lift Plan Training
Lifting Planner,128,GBP,£,GBP,United Kingdom,Lifting Planner
Lifting Plan,92,GBP,£,GBP,United Kingdom,Lifting Plan
"Safe Scaffold Erection, Dismantling and Modification",110,GBP,£,GBP,United Kingdom,"Safe Scaffold Erection, Dismantling and Modification"
H2S & SCBA Training,92,GBP,£,GBP,United Kingdom,H2S & SCBA Training
Boom Lift Safe Operator Training,110,GBP,£,GBP,United Kingdom,Boom Lift Safe Operator Training
Manlift Safe Operator Training,110,GBP,£,GBP,United Kingdom,Manlift Safe Operator Training
Crane Operator Training,110,GBP,£,GBP,United Kingdom,Crane Operator Training
Excavator Safe Operator Training,110,GBP,£,GBP,United Kingdom,Excavator Safe Operator Training
Forklift Safe Operator Training,110,GBP,£,GBP,United Kingdom,Forklift Safe Operator Training
Tower Crane Safe Operator Training,110,GBP,£,GBP,United Kingdom,Tower Crane Safe Operator Training
Advanced First Aid,110,GBP,£,GBP,United Kingdom,Advanced First Aid
Compactor Safe Operator Training,110,GBP,£,GBP,United Kingdom,Compactor Safe Operator Training
HIAP Safe Operator Training,110,GBP,£,GBP,United Kingdom,HIAP Safe Operator Training
Wheel Loader Safe Operator Training,110,GBP,£,GBP,United Kingdom,Wheel Loader Safe Operator Training
Sideboom Safe Operator Training,110,GBP,£,GBP,United Kingdom,Sideboom Safe Operator Training
Fire Fighter,73,GBP,£,GBP,United Kingdom,Fire Fighter
Fire Truck Safe Operator Training,110,GBP,£,GBP,United Kingdom,Fire Truck Safe Operator Training
Defensive Driving Training,73,GBP,£,GBP,United Kingdom,Defensive Driving Training
First Aid_ Basic,73,GBP,£,GBP,United Kingdom,First Aid_ Basic
Emergency Response Team (ERT),92,GBP,£,GBP,United Kingdom,Emergency Response Team (ERT)
Working at Heights,73,GBP,£,GBP,United Kingdom,Working at Heights
Scaffolding Erector,92,GBP,£,GBP,United Kingdom,Scaffolding Erector
Rigger,183,GBP,£,GBP,United Kingdom,Rigger
Lifting Foreman,128,GBP,£,GBP,United Kingdom,Lifting Foreman
Hazard Identification & Risk Assessment,110,GBP,£,GBP,United Kingdom,Hazard Identification & Risk Assessment
"First Aid,CPR and AED",92,GBP,£,GBP,United Kingdom,"First Aid,CPR and AED"
H2S Awareness Training,73,GBP,£,GBP,United Kingdom,H2S Awareness Training
Comprehensive HSE Management Systems,138,GBP,£,GBP,United Kingdom,Comprehensive HSE Management Systems
HSE Management System,138,GBP,£,GBP,United Kingdom,HSE Management System
Environment Management System,110,GBP,£,GBP,United Kingdom,Environment Management System
Environment Management,110,GBP,£,GBP,United Kingdom,Environment Management
Practical HSE Management System,138,GBP,£,GBP,United Kingdom,Practical HSE Management System
Fire Marshal,92,GBP,£,GBP,United Kingdom,Fire Marshal
ISO 14001:2015 – Environmental Management System - Internal Auditor,229,GBP,£,GBP,United Kingdom,ISO 14001:2015 – Environmental Management System - Internal Auditor
HSE Management System Developer,138,GBP,£,GBP,United Kingdom,HSE Management System Developer
ISO 9001:2015 –Quality Management System - Internal Auditor,229,GBP,£,GBP,United Kingdom,ISO 9001:2015 –Quality Management System - Internal Auditor
ISO 45001:2018 – Occupational Health & Safety Management System - Internal Auditor,229,GBP,£,GBP,United Kingdom,ISO 45001:2018 – Occupational Health & Safety Management System - Internal Auditor
"Health, Safety and Environment Plan",128,GBP,£,GBP,United Kingdom,"Health, Safety and Environment Plan"
"Health, Safety and Environment KPIs",128,GBP,£,GBP,United Kingdom,"Health, Safety and Environment KPIs"
HSE Supervisor in Construction and Oil & Gas,183,GBP,£,GBP,United Kingdom,HSE Supervisor in Construction and Oil & Gas
Working at height and Emergency Rescue,92,GBP,£,GBP,United Kingdom,Working at height and Emergency Rescue
HAZOP Risk Management,110,GBP,£,GBP,United Kingdom,HAZOP Risk Management
HAZOP Leadership & Facilitation,110,GBP,£,GBP,United Kingdom,HAZOP Leadership & Facilitation
Advanced HAZOP Analysis,110,GBP,£,GBP,United Kingdom,Advanced HAZOP Analysis
HAZOP Fundamentals,110,GBP,£,GBP,United Kingdom,HAZOP Fundamentals
Professional HAZOP Practice,110,GBP,£,GBP,United Kingdom,Professional HAZOP Practice
HAZOP for Operational Integrity,110,GBP,£,GBP,United Kingdom,HAZOP for Operational Integrity
HAZOP Risk Evaluation,110,GBP,£,GBP,United Kingdom,HAZOP Risk Evaluation
Systematic HAZOP Review,110,GBP,£,GBP,United Kingdom,Systematic HAZOP Review
HAZOP for Plant Safety,110,GBP,£,GBP,United Kingdom,HAZOP for Plant Safety
HAZOP and Process Risk Control,110,GBP,£,GBP,United Kingdom,HAZOP and Process Risk Control
HAZOP Framework and Application,110,GBP,£,GBP,United Kingdom,HAZOP Framework and Application
HAZOP for Safe Operations,110,GBP,£,GBP,United Kingdom,HAZOP for Safe Operations
HAZOP in Incident Prevention Strategies,110,GBP,£,GBP,United Kingdom,HAZOP in Incident Prevention Strategies
HAZOP for Asset Integrity,110,GBP,£,GBP,United Kingdom,HAZOP for Asset Integrity
HAZOP and Operational Risk,110,GBP,£,GBP,United Kingdom,HAZOP and Operational Risk
HAZOP for Process Assurance,110,GBP,£,GBP,United Kingdom,HAZOP for Process Assurance
HAZOP in Facility Safety Management,110,GBP,£,GBP,United Kingdom,HAZOP in Facility Safety Management
HAZOP Governance and Quality Control,110,GBP,£,GBP,United Kingdom,HAZOP Governance and Quality Control
HAZOP for Safe Plant Operations,110,GBP,£,GBP,United Kingdom,HAZOP for Safe Plant Operations
HAZOP Analysis and Risk Control,110,GBP,£,GBP,United Kingdom,HAZOP Analysis and Risk Control
HAZOP for Industrial Safety Systems,110,GBP,£,GBP,United Kingdom,HAZOP for Industrial Safety Systems
HAZOP Based Process Safety Review,110,GBP,£,GBP,United Kingdom,HAZOP Based Process Safety Review
HAZOP in Operational Change Management,110,GBP,£,GBP,United Kingdom,HAZOP in Operational Change Management
HAZOP for Design Safety Assurance,110,GBP,£,GBP,United Kingdom,HAZOP for Design Safety Assurance
HAZOP and Accident Prevention,110,GBP,£,GBP,United Kingdom,HAZOP and Accident Prevention
Award in HAZOP Train the Trainer,229,GBP,£,GBP,United Kingdom,Award in HAZOP Train the Trainer
Award in HAZOP Leader,110,GBP,£,GBP,United Kingdom,Award in HAZOP Leader
Award in HAZOPs for Engineers & Technicians,138,GBP,£,GBP,United Kingdom,Award in HAZOPs for Engineers & Technicians
Award in HAZOP Leadership and Management,110,GBP,£,GBP,United Kingdom,Award in HAZOP Leadership and Management
Award in HAZOP for Process Safety Management,110,GBP,£,GBP,United Kingdom,Award in HAZOP for Process Safety Management
Award in HAZOP for Operational Risk Control,110,GBP,£,GBP,United Kingdom,Award in HAZOP for Operational Risk Control
Award in HAZOP for Process Hazard Analysis,110,GBP,£,GBP,United Kingdom,Award in HAZOP for Process Hazard Analysis
Level 2 Award in Pressure Vessels and Boiler Safety,110,GBP,£,GBP,United Kingdom,Level 2 Award in Pressure Vessels and Boiler Safety
Level 3 Award in Pressure Vessels and Boiler Safety,138,GBP,£,GBP,United Kingdom,Level 3 Award in Pressure Vessels and Boiler Safety
QA/QC in Piping Inspector,275,GBP,£,GBP,United Kingdom,QA/QC in Piping Inspector
QC in Piping Inspector,275,GBP,£,GBP,United Kingdom,QC in Piping Inspector
Level 2 Award in COSHH Assessment,92,GBP,£,GBP,United Kingdom,Level 2 Award in COSHH Assessment
Level 3 Award in Effective Auditing & Inspection Skills,128,GBP,£,GBP,United Kingdom,Level 3 Award in Effective Auditing & Inspection Skills
Level 4 in Scaffold Safety,147,GBP,£,GBP,United Kingdom,Level 4 in Scaffold Safety
Emergency Rescue Train The Trainer,229,GBP,£,GBP,United Kingdom,Emergency Rescue Train The Trainer
Hazop in process safety management,110,GBP,£,GBP,United Kingdom,Hazop in process safety management
Advanced Hazop Analysis,110,GBP,£,GBP,United Kingdom,Advanced Hazop Analysis
LPG Cylinder Handling Safety Training,110,GBP,£,GBP,United Kingdom,LPG Cylinder Handling Safety Training
LOTO Certified,128,GBP,£,GBP,United Kingdom,LOTO Certified
ARC Flash Safety,110,GBP,£,GBP,United Kingdom,ARC Flash Safety
"Safe Scaffold Erection,Dismantling and modification",110,GBP,£,GBP,United Kingdom,"Safe Scaffold Erection,Dismantling and modification"